[{"model": "admin.logentry", "pk": 1, "fields": {"action_time": "2024-12-26T09:07:25.397Z", "user": 1, "content_type": 9, "object_id": "1", "object_repr": "gonder", "action_flag": 1, "change_message": "[{\"added\": {}}]"}}, {"model": "admin.logentry", "pk": 2, "fields": {"action_time": "2024-12-26T09:07:47.194Z", "user": 1, "content_type": 10, "object_id": "1", "object_repr": "Baby boy", "action_flag": 1, "change_message": "[{\"added\": {}}]"}}, {"model": "admin.logentry", "pk": 3, "fields": {"action_time": "2024-12-26T11:29:19.028Z", "user": 1, "content_type": 10, "object_id": "2", "object_repr": "Men full suit", "action_flag": 1, "change_message": "[{\"added\": {}}]"}}, {"model": "admin.logentry", "pk": 4, "fields": {"action_time": "2024-12-26T11:31:40.597Z", "user": 1, "content_type": 10, "object_id": "2", "object_repr": "Men full suit", "action_flag": 2, "change_message": "[{\"changed\": {\"fields\": [\"Price\"]}}]"}}, {"model": "admin.logentry", "pk": 5, "fields": {"action_time": "2024-12-26T11:39:16.215Z", "user": 1, "content_type": 7, "object_id": "3", "object_repr": "Women", "action_flag": 1, "change_message": "[{\"added\": {}}]"}}, {"model": "admin.logentry", "pk": 6, "fields": {"action_time": "2024-12-26T11:39:35.745Z", "user": 1, "content_type": 10, "object_id": "1", "object_repr": "Baby boy", "action_flag": 2, "change_message": "[{\"changed\": {\"fields\": [\"In stock\"]}}]"}}, {"model": "admin.logentry", "pk": 7, "fields": {"action_time": "2024-12-26T11:39:48.941Z", "user": 1, "content_type": 10, "object_id": "1", "object_repr": "Baby boy", "action_flag": 2, "change_message": "[{\"changed\": {\"fields\": [\"In stock\"]}}]"}}, {"model": "admin.logentry", "pk": 8, "fields": {"action_time": "2024-12-27T07:27:30.457Z", "user": 1, "content_type": 6, "object_id": "3", "object_repr": "ronaldo", "action_flag": 1, "change_message": "[{\"added\": {}}]"}}, {"model": "admin.logentry", "pk": 9, "fields": {"action_time": "2024-12-27T08:49:05.694Z", "user": 1, "content_type": 8, "object_id": "3", "object_repr": "Large", "action_flag": 1, "change_message": "[{\"added\": {}}]"}}, {"model": "admin.logentry", "pk": 10, "fields": {"action_time": "2024-12-27T13:03:45.543Z", "user": 1, "content_type": 6, "object_id": "7", "object_repr": "abeni", "action_flag": 2, "change_message": "[{\"changed\": {\"fields\": [\"Is active\"]}}]"}}, {"model": "admin.logentry", "pk": 11, "fields": {"action_time": "2024-12-28T15:42:58.494Z", "user": 1, "content_type": 10, "object_id": "1", "object_repr": "Baby boy", "action_flag": 2, "change_message": "[{\"changed\": {\"fields\": [\"Price\"]}}]"}}, {"model": "admin.logentry", "pk": 12, "fields": {"action_time": "2024-12-30T06:57:00.415Z", "user": 1, "content_type": 12, "object_id": "1", "object_repr": "Order #1 by abeni", "action_flag": 2, "change_message": "[{\"changed\": {\"fields\": [\"Total\"]}}]"}}, {"model": "admin.logentry", "pk": 13, "fields": {"action_time": "2024-12-30T06:57:11.657Z", "user": 1, "content_type": 12, "object_id": "1", "object_repr": "Order #1 by abeni", "action_flag": 2, "change_message": "[{\"changed\": {\"fields\": [\"Total\"]}}]"}}, {"model": "admin.logentry", "pk": 14, "fields": {"action_time": "2024-12-30T06:57:21.912Z", "user": 1, "content_type": 12, "object_id": "1", "object_repr": "Order #1 by active", "action_flag": 2, "change_message": "[{\"changed\": {\"fields\": [\"User\"]}}]"}}, {"model": "admin.logentry", "pk": 15, "fields": {"action_time": "2024-12-30T06:57:45.582Z", "user": 1, "content_type": 12, "object_id": "1", "object_repr": "Order #1 by abeni", "action_flag": 2, "change_message": "[{\"changed\": {\"fields\": [\"User\"]}}]"}}, {"model": "admin.logentry", "pk": 16, "fields": {"action_time": "2024-12-30T07:07:00.862Z", "user": 1, "content_type": 12, "object_id": "2", "object_repr": "Order #2 by abeni", "action_flag": 2, "change_message": "[{\"changed\": {\"fields\": [\"Status\"]}}]"}}, {"model": "admin.logentry", "pk": 17, "fields": {"action_time": "2024-12-30T07:07:14.786Z", "user": 1, "content_type": 12, "object_id": "2", "object_repr": "Order #2 by abeni", "action_flag": 2, "change_message": "[{\"changed\": {\"fields\": [\"Status\"]}}]"}}, {"model": "admin.logentry", "pk": 18, "fields": {"action_time": "2024-12-30T07:07:31.958Z", "user": 1, "content_type": 12, "object_id": "2", "object_repr": "Order #2 by abeni", "action_flag": 2, "change_message": "[{\"changed\": {\"fields\": [\"Status\"]}}]"}}, {"model": "admin.logentry", "pk": 19, "fields": {"action_time": "2024-12-30T08:15:59.651Z", "user": 1, "content_type": 10, "object_id": "3", "object_repr": "Baby boy", "action_flag": 1, "change_message": "[{\"added\": {}}]"}}, {"model": "admin.logentry", "pk": 20, "fields": {"action_time": "2024-12-30T08:29:44.037Z", "user": 1, "content_type": 10, "object_id": "4", "object_repr": "Baby boy", "action_flag": 1, "change_message": "[{\"added\": {}}]"}}, {"model": "admin.logentry", "pk": 21, "fields": {"action_time": "2024-12-30T08:34:26.385Z", "user": 1, "content_type": 10, "object_id": "2", "object_repr": "Men full suit", "action_flag": 3, "change_message": ""}}, {"model": "admin.logentry", "pk": 22, "fields": {"action_time": "2024-12-30T08:35:48.713Z", "user": 1, "content_type": 10, "object_id": "3", "object_repr": "Baby boy", "action_flag": 2, "change_message": "[{\"changed\": {\"fields\": [\"Image\"]}}]"}}, {"model": "admin.logentry", "pk": 23, "fields": {"action_time": "2024-12-30T08:36:38.818Z", "user": 1, "content_type": 10, "object_id": "3", "object_repr": "Baby Girl", "action_flag": 2, "change_message": "[{\"changed\": {\"fields\": [\"Item name\", \"Image\"]}}]"}}, {"model": "admin.logentry", "pk": 24, "fields": {"action_time": "2024-12-30T08:39:04.709Z", "user": 1, "content_type": 10, "object_id": "5", "object_repr": "Women Kemis", "action_flag": 1, "change_message": "[{\"added\": {}}]"}}, {"model": "admin.logentry", "pk": 25, "fields": {"action_time": "2024-12-30T08:40:08.693Z", "user": 1, "content_type": 10, "object_id": "5", "object_repr": "Women Kemis", "action_flag": 2, "change_message": "[{\"changed\": {\"fields\": [\"Image\"]}}]"}}, {"model": "admin.logentry", "pk": 26, "fields": {"action_time": "2024-12-30T08:41:23.179Z", "user": 1, "content_type": 10, "object_id": "6", "object_repr": "Women Kemis", "action_flag": 1, "change_message": "[{\"added\": {}}]"}}, {"model": "admin.logentry", "pk": 27, "fields": {"action_time": "2024-12-30T08:42:14.208Z", "user": 1, "content_type": 10, "object_id": "7", "object_repr": "Women Kemis", "action_flag": 1, "change_message": "[{\"added\": {}}]"}}, {"model": "admin.logentry", "pk": 28, "fields": {"action_time": "2024-12-30T08:43:08.026Z", "user": 1, "content_type": 10, "object_id": "8", "object_repr": "Women Kemis", "action_flag": 1, "change_message": "[{\"added\": {}}]"}}, {"model": "admin.logentry", "pk": 29, "fields": {"action_time": "2024-12-30T08:45:24.943Z", "user": 1, "content_type": 10, "object_id": "9", "object_repr": "Wello Women Kemis", "action_flag": 1, "change_message": "[{\"added\": {}}]"}}, {"model": "admin.logentry", "pk": 30, "fields": {"action_time": "2024-12-30T08:45:58.157Z", "user": 1, "content_type": 10, "object_id": "10", "object_repr": "Red Full Tilet Kemis", "action_flag": 1, "change_message": "[{\"added\": {}}]"}}, {"model": "admin.logentry", "pk": 31, "fields": {"action_time": "2024-12-30T08:46:10.463Z", "user": 1, "content_type": 7, "object_id": "4", "object_repr": "Casual", "action_flag": 1, "change_message": "[{\"added\": {}}]"}}, {"model": "admin.logentry", "pk": 32, "fields": {"action_time": "2024-12-30T08:47:32.029Z", "user": 1, "content_type": 10, "object_id": "11", "object_repr": "Pregnant Women Kemis", "action_flag": 1, "change_message": "[{\"added\": {}}]"}}, {"model": "admin.logentry", "pk": 33, "fields": {"action_time": "2024-12-30T08:48:16.870Z", "user": 1, "content_type": 10, "object_id": "12", "object_repr": "Pregnant Women Kemis", "action_flag": 1, "change_message": "[{\"added\": {}}]"}}, {"model": "admin.logentry", "pk": 34, "fields": {"action_time": "2024-12-30T08:52:15.567Z", "user": 1, "content_type": 10, "object_id": "13", "object_repr": "Over Dress Modern Kemis", "action_flag": 1, "change_message": "[{\"added\": {}}]"}}, {"model": "admin.logentry", "pk": 35, "fields": {"action_time": "2024-12-30T08:53:14.352Z", "user": 1, "content_type": 10, "object_id": "14", "object_repr": "Mini Liday Kemis", "action_flag": 1, "change_message": "[{\"added\": {}}]"}}, {"model": "admin.logentry", "pk": 36, "fields": {"action_time": "2024-12-30T08:53:31.414Z", "user": 1, "content_type": 7, "object_id": "5", "object_repr": "Men", "action_flag": 1, "change_message": "[{\"added\": {}}]"}}, {"model": "admin.logentry", "pk": 37, "fields": {"action_time": "2024-12-30T08:54:34.292Z", "user": 1, "content_type": 10, "object_id": "15", "object_repr": "Men Top", "action_flag": 1, "change_message": "[{\"added\": {}}]"}}, {"model": "admin.logentry", "pk": 38, "fields": {"action_time": "2024-12-30T08:55:15.116Z", "user": 1, "content_type": 10, "object_id": "16", "object_repr": "Men Top", "action_flag": 1, "change_message": "[{\"added\": {}}]"}}, {"model": "admin.logentry", "pk": 39, "fields": {"action_time": "2024-12-30T08:58:01.336Z", "user": 1, "content_type": 10, "object_id": "17", "object_repr": "Men Full Suit", "action_flag": 1, "change_message": "[{\"added\": {}}]"}}, {"model": "admin.logentry", "pk": 40, "fields": {"action_time": "2024-12-30T08:59:38.510Z", "user": 1, "content_type": 10, "object_id": "18", "object_repr": "Men Full Suit", "action_flag": 1, "change_message": "[{\"added\": {}}]"}}, {"model": "admin.logentry", "pk": 41, "fields": {"action_time": "2024-12-30T09:00:25.398Z", "user": 1, "content_type": 10, "object_id": "19", "object_repr": "Men Full Suit", "action_flag": 1, "change_message": "[{\"added\": {}}]"}}, {"model": "admin.logentry", "pk": 42, "fields": {"action_time": "2024-12-30T09:00:31.878Z", "user": 1, "content_type": 10, "object_id": "19", "object_repr": "Men Full Suit", "action_flag": 2, "change_message": "[{\"changed\": {\"fields\": [\"Price\"]}}]"}}, {"model": "admin.logentry", "pk": 43, "fields": {"action_time": "2024-12-30T09:01:11.986Z", "user": 1, "content_type": 10, "object_id": "20", "object_repr": "Men Full Suit", "action_flag": 1, "change_message": "[{\"added\": {}}]"}}, {"model": "admin.logentry", "pk": 44, "fields": {"action_time": "2024-12-30T09:02:07.515Z", "user": 1, "content_type": 10, "object_id": "21", "object_repr": "Men Full Suit", "action_flag": 1, "change_message": "[{\"added\": {}}]"}}, {"model": "admin.logentry", "pk": 45, "fields": {"action_time": "2024-12-30T09:04:45.871Z", "user": 1, "content_type": 10, "object_id": "22", "object_repr": "Light Tilet Kemis", "action_flag": 1, "change_message": "[{\"added\": {}}]"}}, {"model": "admin.logentry", "pk": 46, "fields": {"action_time": "2024-12-30T09:05:04.852Z", "user": 1, "content_type": 7, "object_id": "6", "object_repr": "Family", "action_flag": 1, "change_message": "[{\"added\": {}}]"}}, {"model": "admin.logentry", "pk": 47, "fields": {"action_time": "2024-12-30T09:05:56.570Z", "user": 1, "content_type": 10, "object_id": "23", "object_repr": "Family Package", "action_flag": 1, "change_message": "[{\"added\": {}}]"}}, {"model": "admin.logentry", "pk": 48, "fields": {"action_time": "2024-12-30T09:06:37.191Z", "user": 1, "content_type": 10, "object_id": "24", "object_repr": "Family Package", "action_flag": 1, "change_message": "[{\"added\": {}}]"}}, {"model": "admin.logentry", "pk": 49, "fields": {"action_time": "2024-12-30T09:07:18.292Z", "user": 1, "content_type": 10, "object_id": "25", "object_repr": "Baby Girl", "action_flag": 1, "change_message": "[{\"added\": {}}]"}}, {"model": "admin.logentry", "pk": 50, "fields": {"action_time": "2024-12-30T09:08:06.032Z", "user": 1, "content_type": 10, "object_id": "26", "object_repr": "Baby Girl", "action_flag": 1, "change_message": "[{\"added\": {}}]"}}, {"model": "admin.logentry", "pk": 51, "fields": {"action_time": "2024-12-30T09:08:29.727Z", "user": 1, "content_type": 10, "object_id": "27", "object_repr": "Baby Boy", "action_flag": 1, "change_message": "[{\"added\": {}}]"}}, {"model": "admin.logentry", "pk": 52, "fields": {"action_time": "2024-12-30T09:09:07.864Z", "user": 1, "content_type": 10, "object_id": "23", "object_repr": "Family Package", "action_flag": 2, "change_message": "[{\"changed\": {\"fields\": [\"In stock\"]}}]"}}, {"model": "admin.logentry", "pk": 53, "fields": {"action_time": "2024-12-30T09:09:48.650Z", "user": 1, "content_type": 10, "object_id": "23", "object_repr": "Family Package", "action_flag": 2, "change_message": "[{\"changed\": {\"fields\": [\"Image\"]}}]"}}, {"model": "admin.logentry", "pk": 54, "fields": {"action_time": "2024-12-30T09:15:42.018Z", "user": 1, "content_type": 10, "object_id": "21", "object_repr": "Men Full Suit", "action_flag": 2, "change_message": "[{\"changed\": {\"fields\": [\"Image\"]}}]"}}, {"model": "admin.logentry", "pk": 55, "fields": {"action_time": "2024-12-30T09:16:52.818Z", "user": 1, "content_type": 10, "object_id": "20", "object_repr": "Men Full Suit", "action_flag": 2, "change_message": "[{\"changed\": {\"fields\": [\"Image\"]}}]"}}, {"model": "admin.logentry", "pk": 56, "fields": {"action_time": "2024-12-30T09:17:24.889Z", "user": 1, "content_type": 10, "object_id": "4", "object_repr": "Baby boy", "action_flag": 3, "change_message": ""}}, {"model": "admin.logentry", "pk": 57, "fields": {"action_time": "2024-12-30T09:17:24.890Z", "user": 1, "content_type": 10, "object_id": "3", "object_repr": "Baby Girl", "action_flag": 3, "change_message": ""}}, {"model": "admin.logentry", "pk": 58, "fields": {"action_time": "2024-12-30T09:19:50.318Z", "user": 1, "content_type": 10, "object_id": "20", "object_repr": "Men Full Suit", "action_flag": 2, "change_message": "[{\"changed\": {\"fields\": [\"Image\"]}}]"}}, {"model": "admin.logentry", "pk": 59, "fields": {"action_time": "2024-12-30T09:20:38.772Z", "user": 1, "content_type": 10, "object_id": "21", "object_repr": "Men Full Suit", "action_flag": 2, "change_message": "[{\"changed\": {\"fields\": [\"Image\"]}}]"}}, {"model": "admin.logentry", "pk": 60, "fields": {"action_time": "2024-12-30T11:26:51.360Z", "user": 1, "content_type": 10, "object_id": "27", "object_repr": "Baby Boy", "action_flag": 2, "change_message": "[{\"changed\": {\"fields\": [\"Price\"]}}]"}}, {"model": "auth.permission", "pk": 1, "fields": {"name": "Can add log entry", "content_type": 1, "codename": "add_logentry"}}, {"model": "auth.permission", "pk": 2, "fields": {"name": "Can change log entry", "content_type": 1, "codename": "change_logentry"}}, {"model": "auth.permission", "pk": 3, "fields": {"name": "Can delete log entry", "content_type": 1, "codename": "delete_logentry"}}, {"model": "auth.permission", "pk": 4, "fields": {"name": "Can view log entry", "content_type": 1, "codename": "view_logentry"}}, {"model": "auth.permission", "pk": 5, "fields": {"name": "Can add permission", "content_type": 2, "codename": "add_permission"}}, {"model": "auth.permission", "pk": 6, "fields": {"name": "Can change permission", "content_type": 2, "codename": "change_permission"}}, {"model": "auth.permission", "pk": 7, "fields": {"name": "Can delete permission", "content_type": 2, "codename": "delete_permission"}}, {"model": "auth.permission", "pk": 8, "fields": {"name": "Can view permission", "content_type": 2, "codename": "view_permission"}}, {"model": "auth.permission", "pk": 9, "fields": {"name": "Can add group", "content_type": 3, "codename": "add_group"}}, {"model": "auth.permission", "pk": 10, "fields": {"name": "Can change group", "content_type": 3, "codename": "change_group"}}, {"model": "auth.permission", "pk": 11, "fields": {"name": "Can delete group", "content_type": 3, "codename": "delete_group"}}, {"model": "auth.permission", "pk": 12, "fields": {"name": "Can view group", "content_type": 3, "codename": "view_group"}}, {"model": "auth.permission", "pk": 13, "fields": {"name": "Can add content type", "content_type": 4, "codename": "add_contenttype"}}, {"model": "auth.permission", "pk": 14, "fields": {"name": "Can change content type", "content_type": 4, "codename": "change_contenttype"}}, {"model": "auth.permission", "pk": 15, "fields": {"name": "Can delete content type", "content_type": 4, "codename": "delete_contenttype"}}, {"model": "auth.permission", "pk": 16, "fields": {"name": "Can view content type", "content_type": 4, "codename": "view_contenttype"}}, {"model": "auth.permission", "pk": 17, "fields": {"name": "Can add session", "content_type": 5, "codename": "add_session"}}, {"model": "auth.permission", "pk": 18, "fields": {"name": "Can change session", "content_type": 5, "codename": "change_session"}}, {"model": "auth.permission", "pk": 19, "fields": {"name": "Can delete session", "content_type": 5, "codename": "delete_session"}}, {"model": "auth.permission", "pk": 20, "fields": {"name": "Can view session", "content_type": 5, "codename": "view_session"}}, {"model": "auth.permission", "pk": 21, "fields": {"name": "Can add user", "content_type": 6, "codename": "add_customuser"}}, {"model": "auth.permission", "pk": 22, "fields": {"name": "Can change user", "content_type": 6, "codename": "change_customuser"}}, {"model": "auth.permission", "pk": 23, "fields": {"name": "Can delete user", "content_type": 6, "codename": "delete_customuser"}}, {"model": "auth.permission", "pk": 24, "fields": {"name": "Can view user", "content_type": 6, "codename": "view_customuser"}}, {"model": "auth.permission", "pk": 25, "fields": {"name": "Can add category", "content_type": 7, "codename": "add_category"}}, {"model": "auth.permission", "pk": 26, "fields": {"name": "Can change category", "content_type": 7, "codename": "change_category"}}, {"model": "auth.permission", "pk": 27, "fields": {"name": "Can delete category", "content_type": 7, "codename": "delete_category"}}, {"model": "auth.permission", "pk": 28, "fields": {"name": "Can view category", "content_type": 7, "codename": "view_category"}}, {"model": "auth.permission", "pk": 29, "fields": {"name": "Can add size", "content_type": 8, "codename": "add_size"}}, {"model": "auth.permission", "pk": 30, "fields": {"name": "Can change size", "content_type": 8, "codename": "change_size"}}, {"model": "auth.permission", "pk": 31, "fields": {"name": "Can delete size", "content_type": 8, "codename": "delete_size"}}, {"model": "auth.permission", "pk": 32, "fields": {"name": "Can view size", "content_type": 8, "codename": "view_size"}}, {"model": "auth.permission", "pk": 33, "fields": {"name": "Can add style", "content_type": 9, "codename": "add_style"}}, {"model": "auth.permission", "pk": 34, "fields": {"name": "Can change style", "content_type": 9, "codename": "change_style"}}, {"model": "auth.permission", "pk": 35, "fields": {"name": "Can delete style", "content_type": 9, "codename": "delete_style"}}, {"model": "auth.permission", "pk": 36, "fields": {"name": "Can view style", "content_type": 9, "codename": "view_style"}}, {"model": "auth.permission", "pk": 37, "fields": {"name": "Can add product", "content_type": 10, "codename": "add_product"}}, {"model": "auth.permission", "pk": 38, "fields": {"name": "Can change product", "content_type": 10, "codename": "change_product"}}, {"model": "auth.permission", "pk": 39, "fields": {"name": "Can delete product", "content_type": 10, "codename": "delete_product"}}, {"model": "auth.permission", "pk": 40, "fields": {"name": "Can view product", "content_type": 10, "codename": "view_product"}}, {"model": "auth.permission", "pk": 41, "fields": {"name": "Can add product variant", "content_type": 11, "codename": "add_productvariant"}}, {"model": "auth.permission", "pk": 42, "fields": {"name": "Can change product variant", "content_type": 11, "codename": "change_productvariant"}}, {"model": "auth.permission", "pk": 43, "fields": {"name": "Can delete product variant", "content_type": 11, "codename": "delete_productvariant"}}, {"model": "auth.permission", "pk": 44, "fields": {"name": "Can view product variant", "content_type": 11, "codename": "view_productvariant"}}, {"model": "auth.permission", "pk": 45, "fields": {"name": "Can add order", "content_type": 12, "codename": "add_order"}}, {"model": "auth.permission", "pk": 46, "fields": {"name": "Can change order", "content_type": 12, "codename": "change_order"}}, {"model": "auth.permission", "pk": 47, "fields": {"name": "Can delete order", "content_type": 12, "codename": "delete_order"}}, {"model": "auth.permission", "pk": 48, "fields": {"name": "Can view order", "content_type": 12, "codename": "view_order"}}, {"model": "auth.permission", "pk": 49, "fields": {"name": "Can add order item", "content_type": 13, "codename": "add_orderitem"}}, {"model": "auth.permission", "pk": 50, "fields": {"name": "Can change order item", "content_type": 13, "codename": "change_orderitem"}}, {"model": "auth.permission", "pk": 51, "fields": {"name": "Can delete order item", "content_type": 13, "codename": "delete_orderitem"}}, {"model": "auth.permission", "pk": 52, "fields": {"name": "Can view order item", "content_type": 13, "codename": "view_orderitem"}}, {"model": "auth.permission", "pk": 53, "fields": {"name": "Can add cart", "content_type": 14, "codename": "add_cart"}}, {"model": "auth.permission", "pk": 54, "fields": {"name": "Can change cart", "content_type": 14, "codename": "change_cart"}}, {"model": "auth.permission", "pk": 55, "fields": {"name": "Can delete cart", "content_type": 14, "codename": "delete_cart"}}, {"model": "auth.permission", "pk": 56, "fields": {"name": "Can view cart", "content_type": 14, "codename": "view_cart"}}, {"model": "auth.permission", "pk": 57, "fields": {"name": "Can add cart item", "content_type": 15, "codename": "add_cartitem"}}, {"model": "auth.permission", "pk": 58, "fields": {"name": "Can change cart item", "content_type": 15, "codename": "change_cartitem"}}, {"model": "auth.permission", "pk": 59, "fields": {"name": "Can delete cart item", "content_type": 15, "codename": "delete_cartitem"}}, {"model": "auth.permission", "pk": 60, "fields": {"name": "Can view cart item", "content_type": 15, "codename": "view_cartitem"}}, {"model": "contenttypes.contenttype", "pk": 1, "fields": {"app_label": "admin", "model": "logentry"}}, {"model": "contenttypes.contenttype", "pk": 2, "fields": {"app_label": "auth", "model": "permission"}}, {"model": "contenttypes.contenttype", "pk": 3, "fields": {"app_label": "auth", "model": "group"}}, {"model": "contenttypes.contenttype", "pk": 4, "fields": {"app_label": "contenttypes", "model": "contenttype"}}, {"model": "contenttypes.contenttype", "pk": 5, "fields": {"app_label": "sessions", "model": "session"}}, {"model": "contenttypes.contenttype", "pk": 6, "fields": {"app_label": "accounts", "model": "customuser"}}, {"model": "contenttypes.contenttype", "pk": 7, "fields": {"app_label": "shop", "model": "category"}}, {"model": "contenttypes.contenttype", "pk": 8, "fields": {"app_label": "shop", "model": "size"}}, {"model": "contenttypes.contenttype", "pk": 9, "fields": {"app_label": "shop", "model": "style"}}, {"model": "contenttypes.contenttype", "pk": 10, "fields": {"app_label": "shop", "model": "product"}}, {"model": "contenttypes.contenttype", "pk": 11, "fields": {"app_label": "shop", "model": "productvariant"}}, {"model": "contenttypes.contenttype", "pk": 12, "fields": {"app_label": "orders", "model": "order"}}, {"model": "contenttypes.contenttype", "pk": 13, "fields": {"app_label": "orders", "model": "orderitem"}}, {"model": "contenttypes.contenttype", "pk": 14, "fields": {"app_label": "shop", "model": "cart"}}, {"model": "contenttypes.contenttype", "pk": 15, "fields": {"app_label": "shop", "model": "cartitem"}}, {"model": "sessions.session", "pk": "6da0is9scmfe3owl2rq4egxunjfcts5k", "fields": {"session_data": ".eJxVjEEOwiAQRe_C2hAGhIJL9z0DGZipVA0kpV0Z765NutDtf-_9l4i4rSVunZc4k7gIEKffLWF-cN0B3bHemsytrsuc5K7Ig3Y5NuLn9XD_Dgr28q2tSsykEqhhCE7bcEacDHAwyvuEVgMgeuuzZZ3QOAJgR5l80MATOvH-ANoqN_M:1tRXig:UDMww0Kp3_yM2-Z_dwZ67hdywDMZtIqRz_9F9RnPduc", "expire_date": "2025-01-11T14:23:10.090Z"}}, {"model": "sessions.session", "pk": "jrffbrrdia36thlg1lvds4n793s6lk1x", "fields": {"session_data": ".eJxVjEEOwiAQRe_C2hAGhIJL9z0DGZipVA0kpV0Z765NutDtf-_9l4i4rSVunZc4k7gIEKffLWF-cN0B3bHemsytrsuc5K7Ig3Y5NuLn9XD_Dgr28q2tSsykEqhhCE7bcEacDHAwyvuEVgMgeuuzZZ3QOAJgR5l80MATOvH-ANoqN_M:1tQjlC:jqlas5wmjoLy1psghZQNqN53PVh1qUWyGFed9d9vrW4", "expire_date": "2025-01-09T09:02:26.776Z"}}, {"model": "accounts.customuser", "pk": 1, "fields": {"password": "pbkdf2_sha256$870000$KE8nDZlxfKH2Rr2UikbXqm$nQOf6rmzxMo1O0AocAOpj5F+qLro+H5eGaOapQAZQcM=", "last_login": "2024-12-28T14:23:10.034Z", "is_superuser": true, "username": "kaleb", "first_name": "", "last_name": "", "is_staff": true, "date_joined": "2024-12-26T09:01:53.201Z", "email": "kalebtesfaye2031@gmail.com", "is_active": true, "is_deactivated": false, "groups": [], "user_permissions": []}}, {"model": "accounts.customuser", "pk": 2, "fields": {"password": "pbkdf2_sha256$870000$dvvpClysFvjP9jdlWtQe01$GgJev01bD42Bsfp6he1l+ULB0cUG4UewLRWMqfUNzyI=", "last_login": null, "is_superuser": false, "username": "active", "first_name": "", "last_name": "", "is_staff": false, "date_joined": "2024-12-26T11:46:17.374Z", "email": "active@gmail.com", "is_active": false, "is_deactivated": false, "groups": [], "user_permissions": []}}, {"model": "accounts.customuser", "pk": 3, "fields": {"password": "Messi1234@", "last_login": null, "is_superuser": false, "username": "ronaldo", "first_name": "", "last_name": "", "is_staff": false, "date_joined": "2024-12-27T07:25:51Z", "email": "ronaldo@gmail.com", "is_active": false, "is_deactivated": false, "groups": [], "user_permissions": []}}, {"model": "accounts.customuser", "pk": 4, "fields": {"password": "pbkdf2_sha256$870000$eedqVKG3ZH5JZ91fccCEWl$88TuGXxbRED9AZshHwf2Aw5rqa6kDpWeICis7HuGsd4=", "last_login": null, "is_superuser": false, "username": "newuser123", "first_name": "", "last_name": "", "is_staff": false, "date_joined": "2024-12-27T07:28:48.393Z", "email": "newuser@example.com", "is_active": false, "is_deactivated": false, "groups": [], "user_permissions": []}}, {"model": "accounts.customuser", "pk": 5, "fields": {"password": "pbkdf2_sha256$870000$05UEscINE8QnLvu9GYkWBV$lBARMSAKoKi4PzJxepc8GiGoZ0MgK321dq5WAsKoY4U=", "last_login": null, "is_superuser": false, "username": "newuser12", "first_name": "", "last_name": "", "is_staff": false, "date_joined": "2024-12-27T07:29:53.880Z", "email": "newuser12@example.com", "is_active": false, "is_deactivated": false, "groups": [], "user_permissions": []}}, {"model": "accounts.customuser", "pk": 6, "fields": {"password": "pbkdf2_sha256$870000$gyyFu5M2PyPKrAiSOC6QYk$pt2myD09g4NIPdS170LhWeh2LgfNlJZSMF9lEIuqSlQ=", "last_login": null, "is_superuser": false, "username": "newuser1672", "first_name": "", "last_name": "", "is_staff": false, "date_joined": "2024-12-27T07:47:38.540Z", "email": "newuser1672@example.com", "is_active": false, "is_deactivated": false, "groups": [], "user_permissions": []}}, {"model": "accounts.customuser", "pk": 7, "fields": {"password": "pbkdf2_sha256$870000$cry1EPpLczHFKjJzNg6WMA$vZS65UZgwbvrB7HQmm0lUxlH3rV0JEzVxw2b+w2nNw0=", "last_login": "2024-12-28T09:35:36.718Z", "is_superuser": false, "username": "abeni", "first_name": "", "last_name": "", "is_staff": false, "date_joined": "2024-12-27T12:49:32Z", "email": "ayeleabenezer961@gmail.com", "is_active": true, "is_deactivated": false, "groups": [], "user_permissions": []}}, {"model": "shop.size", "pk": 1, "fields": {"name": "Small"}}, {"model": "shop.size", "pk": 2, "fields": {"name": "Medium"}}, {"model": "shop.size", "pk": 3, "fields": {"name": "Large"}}, {"model": "shop.style", "pk": 1, "fields": {"name": "gonder"}}, {"model": "shop.category", "pk": 2, "fields": {"name": "KIDS"}}, {"model": "shop.category", "pk": 3, "fields": {"name": "Women"}}, {"model": "shop.category", "pk": 4, "fields": {"name": "Casual"}}, {"model": "shop.category", "pk": 5, "fields": {"name": "Men"}}, {"model": "shop.category", "pk": 6, "fields": {"name": "Family"}}, {"model": "shop.product", "pk": 5, "fields": {"item_name": "Women Kemis", "price": "2200.00", "image": "products/photo_2024-07-16_18-25-29-1-968x1024.jpg", "category": 3, "in_stock": true}}, {"model": "shop.product", "pk": 6, "fields": {"item_name": "Women Kemis", "price": "2000.00", "image": "products/photo_2024-07-16_18-22-13-1-100x100.jpg", "category": 3, "in_stock": true}}, {"model": "shop.product", "pk": 7, "fields": {"item_name": "Women Kemis", "price": "2000.00", "image": "products/photo_2024-07-16_18-24-41-300x300.jpg", "category": 3, "in_stock": true}}, {"model": "shop.product", "pk": 8, "fields": {"item_name": "Women Kemis", "price": "2100.00", "image": "products/photo_2024-07-16_18-22-20-1-150x150.jpg", "category": 3, "in_stock": true}}, {"model": "shop.product", "pk": 9, "fields": {"item_name": "Wello Women Kemis", "price": "3250.00", "image": "products/Placeholder-image-7-150x150.png", "category": 3, "in_stock": true}}, {"model": "shop.product", "pk": 10, "fields": {"item_name": "Red Full Tilet Kemis", "price": "3000.00", "image": "products/Placeholder-image-4-300x300.png", "category": 3, "in_stock": true}}, {"model": "shop.product", "pk": 11, "fields": {"item_name": "Pregnant Women Kemis", "price": "1100.00", "image": "products/pregnantwomenkemis.png", "category": 4, "in_stock": true}}, {"model": "shop.product", "pk": 12, "fields": {"item_name": "Pregnant Women Kemis", "price": "3250.00", "image": "products/Placeholder-image-2-1-300x300.png", "category": 4, "in_stock": true}}, {"model": "shop.product", "pk": 13, "fields": {"item_name": "Over Dress Modern Kemis", "price": "5530.00", "image": "products/Placeholder-image-5-300x300.png", "category": 3, "in_stock": true}}, {"model": "shop.product", "pk": 14, "fields": {"item_name": "Mini Liday Kemis", "price": "500.00", "image": "products/miniladykemis.png", "category": 2, "in_stock": true}}, {"model": "shop.product", "pk": 15, "fields": {"item_name": "Men Top", "price": "89.99", "image": "products/photo_2024-07-16_18-26-22-300x300.jpg", "category": 5, "in_stock": true}}, {"model": "shop.product", "pk": 16, "fields": {"item_name": "Men Top", "price": "119.95", "image": "products/2024-01-16-15_51_08-News-and-interests-2-100x100.jpg", "category": 5, "in_stock": true}}, {"model": "shop.product", "pk": 17, "fields": {"item_name": "Men Full Suit", "price": "224.95", "image": "products/menfullsuit.png", "category": 5, "in_stock": true}}, {"model": "shop.product", "pk": 18, "fields": {"item_name": "Men Full Suit", "price": "199.99", "image": "products/photo_2024-07-16_18-26-26-1-300x300.jpg", "category": 5, "in_stock": true}}, {"model": "shop.product", "pk": 19, "fields": {"item_name": "Men Full Suit", "price": "400.00", "image": "products/2024-01-16-15_51_54-News-and-interests-300x300.jpg", "category": 5, "in_stock": true}}, {"model": "shop.product", "pk": 20, "fields": {"item_name": "Men Full Suit", "price": "87.99", "image": "products/photo_2024-07-16_18-26-17-300x300.jpg", "category": 5, "in_stock": true}}, {"model": "shop.product", "pk": 21, "fields": {"item_name": "Men Full Suit", "price": "74.99", "image": "products/photo_2024-07-16_18-26-32-300x300.jpg", "category": 4, "in_stock": true}}, {"model": "shop.product", "pk": 22, "fields": {"item_name": "Light Tilet Kemis", "price": "10200.00", "image": "products/photo_2024-07-16_18-27-55-768x1136.jpg", "category": 3, "in_stock": true}}, {"model": "shop.product", "pk": 23, "fields": {"item_name": "Family Package", "price": "8000.00", "image": "products/family5-1024x1024.jpg", "category": 6, "in_stock": true}}, {"model": "shop.product", "pk": 24, "fields": {"item_name": "Family Package", "price": "7500.00", "image": "products/family4-2-822x1024.jpg", "category": 6, "in_stock": true}}, {"model": "shop.product", "pk": 25, "fields": {"item_name": "Baby Girl", "price": "72.50", "image": "products/kids.jpg", "category": 2, "in_stock": true}}, {"model": "shop.product", "pk": 26, "fields": {"item_name": "Baby Girl", "price": "84.99", "image": "products/kids2_ACfBFmA.jpg", "category": 2, "in_stock": true}}, {"model": "shop.product", "pk": 27, "fields": {"item_name": "Baby Boy", "price": "1000.00", "image": "products/babyboy_L61zAVy.jpg", "category": 2, "in_stock": true}}, {"model": "shop.cart", "pk": 1, "fields": {"user": 7, "created_at": "2024-12-28T14:55:24.448Z"}}, {"model": "orders.order", "pk": 3, "fields": {"user": 7, "created_at": "2024-12-30T12:11:37.887Z", "status": "Pending", "total": "2169.98"}}, {"model": "orders.orderitem", "pk": 3, "fields": {"order": 3, "product": 27, "quantity": 2, "price": "1000.00"}}, {"model": "orders.orderitem", "pk": 4, "fields": {"order": 3, "product": 26, "quantity": 2, "price": "84.99"}}]